id,gibberish_text,mys_number,encoded_message,perplexing_date,arcane_boolean,inscrutable_float,enigma_code,riddle_text
1,from,6683285317,6e88e64e1e38751b8a7156580945bdee444a7f853201b0b37f5b920ed4aa2318,"1976-09-21 18:55:37",0,34.07,ay-5504-HFbA,"Responsibility sure song number."
2,detail,8021835777,322db3f6e222562e3a84f347ea774ebdb9319df7a646f3a98f590efd40f10deb,"2007-11-07 16:46:16",0,21.05,So-1268-Bycr,"Professor option rather."
3,base,4463463778,0a5041b6150b152eaf0d6032360d1256a5805370f354ca18c57bc3ee7271b642,"2016-08-09 19:45:11",0,16.04,jg-0866-iDha,"Time church feeling."
4,different,9504293130,4de8cdc076732f6b1f9466d9d371d83acfd7edace9bd0cf0f983646ac9f3c1b8,"2001-03-11 07:44:10",0,65.09,CS-7949-MKpE,"Reason important concern talk difficult everyone environment."
5,participant,7811390305,6b59a655515bc084c26eda9673187cbf045f3ab8b26f459900aad59bf35f2ba4,"2008-06-28 23:50:08",0,48.02,cW-2453-dSTC,"Game listen different debate large allow finish."
6,first,7622483569,6be16e6d651505d68770e7a72ec921875052245730e1f767d6a78dd098622476,"2000-03-15 05:36:51",0,99.08,rJ-9594-sZjl,"Create over so wind century role model."
7,method,2664346953,66b4f1c8cd599e9d40f75caf636c9f15629ebb03699cf41727cd640ec386397a,"2011-04-07 19:59:20",1,23.07,NX-2499-bqAG,"Glass yard sort special huge."
8,discuss,1487760442,0c6868f323c0789727aa143203ea0147b0943f064eca48da0eb6b43fa7d8fdb9,"1977-05-31 03:40:22",0,21.01,wU-8186-Xqtx,"Section second country number why people blood."
9,hit,6092777194,7ae366159af26de553f485173281d18719300a92902aac7f8662350b9c6b70d2,"1998-09-14 12:09:27",0,25.04,tU-6409-JbQF,"Support southern available campaign nor."
10,lose,3674790341,be2c13d02351909f911e99998432d6ef6aeebc9c550b9d363346913de7940d81,"2008-11-26 13:20:12",0,28.08,qF-6004-FHjb,"Agree remain shake item back walk laugh."
11,expect,8958388343,8c569503f13d719f798b9f81e91646d81da0060c5968ed3583f5368351063518,"2003-03-26 18:44:23",1,91.07,aG-8549-iuWf,"Arm claim since recently stage season determine left."
12,once,3494327228,a4ae0bf1e2b0d8dc941c710106b04a8c8c3d8623dadf2a56486b902c4bc646e7,"2020-05-10 01:00:22",0,82.03,ot-1701-IhfU,"Difficult when hope make down assume."
13,major,5475093239,dd80b278e4c7517839994586013d0d5fb3aa57ee4be0b3878b66e41d23e55033,"1995-12-19 01:38:01",1,19.09,BB-1885-YHKp,"Establish western area government teach."
14,quite,7288377425,228384c83e99fe9199dc8348d7425de16e9c4163e3e63b45298658db0854d91a,"2005-03-25 12:11:03",0,79.09,hg-3402-BWrT,"Price voice reduce list number."
15,half,8695671774,7c86217cad7b10bebdf37415f0cac6c52efcff519be15b2cf47b338e6becf9f8,"1979-07-16 06:52:47",1,40.09,ee-0144-ZbtP,"Trip set authority tell reflect."
16,mouth,3541627263,9bb278329cb7de7555946bb33b93395dfa01a09f7310570cdd392a1941345a1a,"2016-04-28 06:45:49",0,52.04,mZ-6231-dEco,"Attention value fund need detail."
17,born,6714195245,3e2fc81335869713d890bdb9c29bcef494deb8c5ab8c1f732096650c5a5fb27f,"1972-10-21 07:33:56",1,23.03,UP-7266-Imtw,"Possible professional run thought case later may page."
18,since,8319666279,ef3500e80924c9a139667c921a6d6a309b054e95f2dddb9929144f0e527b5d40,"1980-09-09 00:43:13",0,36.04,nS-7022-ZbRK,"Community right adult recognize foreign modern husband."
19,similar,1011460406,380642aa96a43d5a6eb09199a6b0036067c1f4f70f473eb7f5f5b71243b701b8,"1974-03-06 04:45:48",1,42.03,Wz-9598-MVXG,"Spend road positive avoid dog school respond look."
20,interesting,3169555485,026be24b35bae1637ba526a525ea6682e479f7ea5d5a4fbf78be068ed94fdb20,"1997-12-31 06:23:54",1,51.01,gg-6427-dNgS,"Oil ask federal history."
21,group,1065250182,c4a91f88550b55be2add25742de884c777cf454b547d18fde32274959ce7731c,"2006-06-20 10:23:07",0,65.09,VI-5319-sDyG,"Center close deal like experience oil represent."
22,never,7997371764,1f7752d689d2beaf147bd0b8e65ff2a3cccdc4cf936d69049ab1e5505f144605,"1991-05-11 19:26:09",0,92.04,NL-9711-naqS,"Generation despite today director."
23,friend,2488097438,e6fc1cb14990cb8c4dafd1c83eee27b8cd60a7555fd00903689d22979383ddad,"2016-04-09 22:48:35",1,96.02,Nn-7794-CuYb,"Down political race let care including officer."
24,loss,7851897634,84dfadad35e5a27de0c82cf388c51bb0c6eccc23b7af4f9c9a4102393249e3d9,"1985-02-04 00:41:28",1,34.03,Xq-9504-zGNd,"Skin important look memory born doctor movie on."
25,push,4413265562,e283834fdaa71ab2b82178a0c692555132783cb2f66fb9a85e5a522881524112,"2008-08-29 12:04:35",1,74.08,nq-1708-EeHx,"Notice success finish section."
26,training,9576040420,0e90ef67d87fa1ec0e9fdb21667898621c11597615c060eb41503d456af799c1,"1975-11-17 01:00:06",0,69.06,Iz-6310-wKXV,"End truth forward consumer source knowledge improve."
27,land,7658447220,814290406318e810677fef3c6c8091f8bc4014e4fde9358197f270753e0e90fa,"1974-11-08 02:43:37",1,37.01,YM-6913-Ynby,"Country book beat subject after through."
28,own,4440723991,f10823a2314fbefe9e6d6b6847836703217899a6385a1fe58ec03f1c87a16efc,"2015-05-30 11:16:45",0,55.09,xt-2583-pQYm,"That close once stuff hear from."
29,level,1170822779,c3610f90ba8c3f7f4ef648fac61f8bc931b95a6bf26f6fd4eb269dabbff1a938,"2002-09-19 06:08:06",1,96.07,So-5707-miob,"Off wear despite."
30,one,1172699451,336f0f0a0836cb4f6d0a856757bdfac4ebff4ad842642151fac8210458003912,"2002-12-23 18:55:29",1,21.01,Fa-6484-rFmr,"Window black drug central Republican."
31,data,8325526250,afff9fb8362ae5bff6f87417f440a0c7b01b07fa8ad3c4fe7086f84138e934ee,"1998-05-29 09:44:35",0,56.09,is-1940-IHJa,"Suddenly statement commercial scene."
32,science,4750897919,742ec3f722bbdfc335262b4bc431afe541e4c596dea44a20585a2e9e23af2608,"2013-04-01 10:21:37",0,76.03,qL-7352-ooZR,"Explain nearly pass term movie."
33,future,7196051512,4b491df13a5938167ff5b07ea127ad76feb0adf68475ff7d220f05c728337edd,"1986-07-08 20:42:14",0,56.08,sn-6517-KVDf,"Cost shake play read test."
34,lose,2565684990,80f8d43bc84480a381e952b666dc3df1980fee05021cb8f225e0ab0068752bc1,"1986-08-04 03:13:25",0,46.07,kJ-3212-iSLd,"Style energy pass see place state."
35,break,1723623414,fbea9fff038b844743d040fbffd272982e699d739c887e5b950b01f95ee7c402,"1988-10-02 00:11:01",1,50.05,dD-2277-piFT,"Then partner short care."
36,listen,6194756536,acef41bdadcac8beb39dd3ccc2fa4550466f43908cedca0b050883d2de6cd65e,"2007-11-25 14:46:24",0,84.03,Hq-9825-NLuw,"Create guess program low artist."
37,when,9742507961,d498c67c92beb32aeec17725592051f9fd02d3cf6b3c0c4cfb93a4132746dc60,"2001-12-28 23:17:25",0,13.09,Wh-8613-hcSk,"Citizen through spring same college."
38,already,8520703950,4bb4538e797ac46a12d989705582cb580d0a1ad6b55e78855924272fc28bd304,"2015-10-26 05:39:15",0,53.01,eP-7865-iEBw,"Action hotel store Congress message boy against."
39,score,7899811146,85d87370f41c0362662af96d4669fd9ff7208cda119ec5e3baed7d683588749a,"1990-09-04 14:45:16",1,71.04,jR-2042-zzmu,"Serve firm impact gun central."
40,cost,5007971546,21f156721e7f399580aaca3fff269ff08ecad62a53c0d981c2cbdcc0f8c6edab,"1989-12-16 14:49:18",1,86.02,qe-7537-stSc,"Before make even understand bank gas."
41,art,3293164576,2de90e91f6490f95ac5b5e97f8e0e7392df56e15ee8b29808d879223c467c50f,"1978-01-12 02:06:11",1,23.02,jk-8708-RrdW,"Throughout fast simple at artist put."
42,view,6252405859,18cb3fcfebc7cdc41c4e54035983eed473183f7df2c620aa985b573a3b0e1e8b,"2019-04-16 07:56:11",0,24.02,NA-0454-nwcP,"Catch approach executive air white wide."
43,produce,2822786283,31d506261b1f0b4b364e189434c488eecdfc6dde334240b5b3072793c1059e63,"2013-07-26 17:43:19",0,98.03,TO-2207-tFlC,"Test cold offer customer."
44,detail,3287880544,a1d81f277cf465863dd40076197d712bb4c4acc26aa25275b1bdfb2bace2753e,"2016-06-25 06:18:43",0,79.02,MF-5265-VQPa,"Various reflect power reveal second support direction."
45,would,6990303037,b806d8330f9c38f61b0d942df569e2d4d7839a845ff6647725524a698949dc9c,"1979-12-23 02:43:57",0,23.02,uf-2249-XHbf,"Suggest employee stuff night base never as candidate."
46,however,1734210994,951d9916275daf0165ddd5cc7015a7f1b5318b3a58a6fb9d87e63ad0775d4b1e,"2007-08-04 09:10:27",0,75.06,sQ-1923-swDD,"Court message name."
47,perform,6807917690,c34c07df196b8b8ffb00ddbbb6daf40e4e6561c18a0bf7c82028d1dc7a52255a,"1972-11-13 16:57:01",0,72.02,JC-5989-uoIi,"Of follow many theory."
48,tree,7511265422,c00feb60ed57ab14138bd235727e9ab868cbc2bd92df3966cadce68f7d0b08c9,"1996-03-20 02:31:25",0,40.02,lF-0891-hVER,"Thus choice anything off."
49,machine,9549230924,7ef82e31c630caa479ee21582032946f898fe68de3bf4aef1bb8ec519c86ac45,"2001-10-21 00:18:11",1,17.02,Dh-4916-cSSP,"Fine pretty issue son successful late."
50,mouth,5931259887,b791c6fb031774856b559622c1c6b222210d2b77e1df853bf1aacbcf62ca2681,"1999-04-19 22:21:35",1,69.02,HX-0203-mjAg,"Area rise instead mind send resource."
51,surface,3854428147,0ed993fc738e7d89a460c378e612e6eabf460cd67de897eb38d8d76f1e81465f,"2022-07-22 00:45:33",0,40.08,QI-5425-YjvR,"Seek player throughout senior say."
52,live,9306661023,4c72b9c628a402ea98f44b178f9f0355aa099d9491203f64118c6c56a7cfec21,"1977-09-02 09:56:00",0,98.07,rq-6530-KdQz,"Attack any charge join."
53,environmental,9065457535,f8b3d8b7af5c4267cce875d901d8ea45474f8655af1b044f6dfd1ce15217130e,"1982-07-04 05:05:39",0,62.04,Qa-1427-sJTB,"Life body piece too yourself bar politics provide."
54,key,4481946418,7a9ba8c2506a3a06f2f97c8e2b4ce359b5977b6ef37ddf61b167cbe0e86253a3,"1999-12-18 13:25:23",0,86.01,fx-2353-FzrE,"Group like rate center drug task."
55,administration,5969150271,3e883101082f0e384624d4dcbd28d9e8aaca227ea88dd3078d9c6be977b57b0a,"2008-04-01 17:28:46",1,44.01,fg-3473-PFHa,"Southern television great serious lay large baby."
56,music,4324747098,dafbd0dc417f2abef9421fadf73448f648f51ccdb7a6db602d9c37f91f265287,"1994-05-01 15:41:41",1,21.01,dL-6130-bKnO,"Town sport inside box explain contain."
57,he,7781319080,611b324aecde7928bc764e77bb434598764abb6284c42c2f432ef3ef8649de7c,"2002-09-27 11:04:10",1,94.03,Yp-0705-ktuL,"Interest reach after bad."
58,military,3874728720,696ce1a254a44bbb7749539fae1cffcb62d19498011b33413f75f8e9fe3c6586,"1986-09-02 06:29:23",0,21.09,PF-0985-zSWc,"Mrs throw research lot city choose experience coach."
59,modern,2661167500,6d1986fa517f5a12dee909281f24f05f4395a412b04ff19357a2777b70a1d08c,"2015-12-28 16:45:03",1,20.05,Ho-4908-GcHO,"Provide wait billion including clearly account."
60,civil,9614965818,e875cf93beeaee21d7872855f29e5739fa8541a1bf2100eae7c64424436f651a,"2015-06-23 13:28:11",1,11.02,bj-2480-xJWz,"Thought maintain customer money everyone late million."
61,when,3279944703,25b30f75bab2282726356958e5cd123b42df885684dc4200c405f9e76140b07a,"1977-12-13 17:50:45",1,74.05,tE-2773-UsHS,"Arm during operation government close."
62,change,1514752016,6f6706f6ffcc992f140e8140208e13287531875e43095697db2fb1464ed7dbde,"1974-07-06 03:17:26",0,72.06,sN-3426-iKCV,"Also he seven act."
63,part,2767197966,4864925a3580245b5505f6c3913f6d88a052eba3b9645187127ffe6177b12253,"2007-11-16 23:56:17",0,78.02,aK-8363-UMqr,"Six myself stock turn region."
64,trade,1510304417,ffd85ceda0d1dea90cde2484f43884bd97d469f60e2411c2ebc9f8dbc7497dc6,"1972-01-19 03:50:57",0,25.09,CS-3578-ShDI,"Fire stage land."
65,writer,8415821845,0fdc4ec8b827def090a67bca82503840e8e189f17aa72e0c3fe7c5c07ed3b78b,"2017-12-31 21:50:12",1,12.05,oL-1481-CzCm,"Well cold door responsibility bad."
66,such,8794356888,14270f356b1f07ff0490e243ca91b4fc003d351dc831c599fd2128c1cdbfe922,"1982-10-31 01:12:48",0,58.06,Gz-8968-CIxM,"Say director different travel strategy continue."
67,two,8181955762,b09f17707008647384396c73476912e216a0c0f7f124b2061c9d6ea563b4cde0,"1970-02-02 21:46:47",0,58.04,Ze-8654-EJjc,"Just through deep film buy."
68,claim,6261240896,9461f865a86490f2583e6769798bc1b2db8070978bca1370eedc185877571445,"2002-12-12 14:46:51",0,38.04,pb-4058-UPYL,"White always public good picture tree become author."
69,friend,3636397785,9295ab935c535969fe4e43a8a28561488dbb23aa59c448576eaeb288ea4c1014,"1978-04-20 12:23:14",1,78.09,wR-6866-gLlH,"Outside now however keep seek."
70,total,7294129554,6eab1cc2149731fddbb1b3b04e4c510bd61aedfa878db7031c6219aa71fb874d,"1999-07-29 14:11:12",0,81.04,Yz-6280-hZtH,"Sing accept fund debate society responsibility score."
71,every,4206277185,cd9837faa49a5ade20c721d1efbadf832823f1702fc672bdb5cd0b4623ca9996,"1984-05-22 14:35:43",0,35.04,Bl-3038-VYUf,"Air matter how high ready."
72,far,2365290699,bf200c765f7604ce414d5d6193439e9684b185af26d038ee82e79a64560f3993,"1982-05-26 11:51:51",0,90.08,mg-9982-MUDw,"Human him throughout remain."
73,city,9454841416,ea43c6e5b8da7fd24a28d87a0727d1947612a45db327a007235ab3b8e48eb202,"2020-06-20 04:42:48",1,56.01,Tg-8985-HLwm,"Fine return series ever."
74,right,7831212515,8de27bc1de883d2513fedc94c974d84dcdfdac85a6157113fee8afe9b089b273,"2012-03-09 18:15:47",0,24.05,MQ-2608-hyMf,"Manager civil them our."
75,cut,2513724047,a22483c70320955023231561ad24fa8b0b6203b8d256e2589bba2b0e98b604ff,"2001-05-13 19:31:40",0,75.04,fb-4423-PTUy,"Red under its everybody both."
76,listen,9937648177,9b2ea3f3b2a1ba4eb7645bc4a818b4ea91a0776961f8ab77ff953a3d2012a235,"1983-09-18 19:11:28",0,37.01,pu-5051-ZipU,"Home chance mention front remember stuff."
77,police,5608201997,1b7322d602c4bf777e10c116c37c2178640433c43cea74f861fb9d1c39310d05,"2003-05-18 09:15:57",1,43.02,oy-6666-UAQW,"Task ago follow space soldier."
78,campaign,6757863765,f5d1e56788a54e5060b441a7705f35b50a52d6e8cac4055d36c2e8b0789f0353,"1973-08-25 13:18:53",0,57.08,Gk-6537-BOCA,"Physical support space."
79,mention,7414885705,988ff0280ae8a03d18ba17c8f0e55a15c01c8a7b5f325cc5ffa8c73c16c80658,"1972-02-06 22:16:01",1,18.09,IN-1797-RGCJ,"My environment cell enough."
80,kitchen,9310447618,e5557e6845b8d77fb30dffbdef4e2aa0596559749a958a02a1d9b8f5867cc496,"2021-12-27 22:21:15",0,94.09,SR-5167-Hjub,"Responsibility as shoulder."
81,eight,7026820806,3fd96e84c6f20c4c7f394c170787a6bcfb3f32ceaab8a077b037b57e8e6f223a,"1982-03-19 10:11:08",1,63.01,Ct-3065-xBfZ,"Parent president safe forward material ahead floor."
82,across,1947506285,27761d46832f97c34b3f621f11f698eac9ec117712d6b8e426569fa21432c348,"1973-08-10 21:39:39",1,71.06,SK-5481-lbVE,"Soldier stand military."
83,source,8775023845,e18dcd6d62f61c93d22017464af17e046691ddfce593c75ae97904e2a5657310,"1980-09-23 08:38:41",0,81.05,CI-6482-JhuI,"Purpose executive ahead."
84,almost,6810718915,20c6b353278828db9aa16e527cc02d566429d20cffd1335fe97844c93d1029ec,"1984-08-07 11:34:54",0,22.04,Ac-8640-tQoe,"Risk character century."
85,community,7733301098,05c805710a506e6aca0fa97f21c7006b74d95bb74575d8b5af5a00bb9b0f2fd5,"2014-05-02 06:52:29",1,94.06,ZP-2196-HeNR,"Real officer address work open project."
86,serious,3323043875,80c939a4f6249647361688413f3d123a6aebe932f9e78550c25d131daaf537e6,"2021-05-23 23:15:43",0,36.09,Pf-8135-SFGp,"Billion for any address owner enjoy."
87,without,8581035555,2e3f497d675ab21befa6203c515be9f794960e03bde83f8d4ff2a154e275ea63,"1996-10-03 02:04:29",1,69.08,Tu-4251-drEz,"Maybe else do agent guy like attention."
88,now,1297906183,b63d169a2dc1158659166296d4bd8fcab2efcdc47f809d9bec3c20d1d05b4a28,"1970-09-01 18:40:31",0,85.04,Jt-5776-vpag,"Less spend real shake."
89,power,2588213635,a2b01156813ad534381070276d40a117e1cb62bbeb9672bbb20c0a6845568de7,"2011-05-18 00:30:25",0,93.08,Mr-8218-jKmm,"Grow sign exist just."
90,there,7247591127,41e76d8a1c3ee9d7f26c8b1900c5c34eadec61f11b85113b344d25f82230d519,"1988-05-09 21:07:45",0,90.02,yQ-2366-yXvF,"Stock parent trade law financial can."
91,themselves,7773392787,ecef00dc63d16bcac7b79e53c01d191671cbc3fb21b80030957add0c703196d0,"2022-04-27 12:35:16",1,29.07,uB-5208-TtEA,"Rock she wide agency her."
92,future,3489833272,fb9f2d2cb24748de831017b5938a48f747b87125d6dad9ded4904d48e95ee68e,"2006-12-22 06:02:05",0,89.04,jv-2091-CcHU,"Treat decision oil."
93,modern,8660554730,7a4005e0460204db81ad31304a4d1396e4dff45a6f93b00f425a2300915a1315,"2022-07-13 03:05:36",1,33.06,rq-9423-kcIh,"Season mouth first form create cup attack."
94,including,2226089494,4f81c0cbf47a04ee1f2c101c254ed3f9215cd105a2ea5a062a703e93a60640bb,"2015-10-30 03:50:27",1,34.01,kx-9072-SFuG,"Image spend trouble thank edge pressure yeah."
95,look,5957996950,655bf85c8596162f689870984977f002a1aac1c968f852c17e3974179cdb5054,"1975-11-18 01:24:58",0,28.07,ye-4364-qmbE,"Professional house black bed fine edge father talk."
96,oil,4981572599,6b31bd96751962badd01b7ee0acedf9f10812786147dd0d2fb5c42b8323b735d,"2003-12-16 23:47:30",1,27.01,kQ-9740-ZuNl,"Know house alone much firm."
97,radio,7932163570,31d0b447ab9bbaedd9858e4772664a4458fcd194b0f77a3cb168296591d3a4ed,"1983-09-19 09:27:13",0,61.02,Rd-6432-JlOU,"Talk third kid own them hear once situation."
98,yes,7501655008,9a67bc8415377638b9f60a544e76510e701da8c3737f6e33a90596b55a3d7efd,"1989-04-26 02:21:55",1,54.05,mi-9077-vlkz,"Under allow cultural ten person expect almost summer."
99,happy,4249517737,4857b9069ba28c4a65fe35fdbaeeb1b05d80664c2d4368ea843fd0b464e51091,"1997-12-17 07:47:40",1,53.06,Cu-6992-PupZ,"Situation indeed speak music side especially."
100,still,3739464945,e400239a4838b1b2e43a3747197d70c3cef46e0ac2002b03addfd8afe5051fb5,"2003-02-11 15:21:47",1,53.03,Dn-8413-ziwy,"Cup present ask wait the drop computer."
101,executive,3555034290,ae8504a3ed2f5cef08b6a8294272b4850beb7fc5e80033aa4f9977351ac67f10,"1976-09-30 00:27:21",1,96.09,sH-6121-xrqn,"Apply stage life word."
102,official,5298937101,7755d911987c1f52da6d2939dfe3c02880b18a6652ea1747436d834fb2c1dbc5,"1998-03-13 10:35:58",0,55.07,hZ-2220-trEA,"Win others mind everything example add state."
103,inside,1611655457,6fff6b92c61300b11d9dea185f7cc52f60e5dceb41bd630a0ca014fa292a2c61,"2007-06-21 06:10:28",0,29.07,GT-6280-mgCN,"Be line base green house."
104,style,4656598812,6bb372f37edda39196a049ef4c653eff99add6d0b4fa610499200410e599576d,"1989-11-11 23:29:35",1,89.06,QP-9949-Qnsa,"Teacher more put character hair."
105,expect,3662334429,3a7cabfae7be207cc37da165feb82c8162138f7ce37eca3b9f0cc55fd9fc9905,"2015-05-08 20:14:57",1,11.09,xJ-1728-XRnn,"Ahead including choose run reveal account."
106,according,5060882378,1cd5512770a17e4892a26cb2cf394c4b3e804dff2022fcd4ffe48860b2e48ac7,"1988-12-14 14:29:41",1,12.06,wj-7195-jEJf,"Word total guy because gas state."
107,fast,3399939320,de11a95c52c0e35a524d83cd47ef123a23e86dab77f465c986423d3b8173400a,"1996-12-23 09:57:02",1,46.02,YX-1328-wHba,"Such performance produce play perhaps."
108,phone,8968388003,9c0dd23f8b264db61ad895f255e99745a966f345e1ae166f223c4ffb4a8db059,"2002-08-28 23:33:19",0,83.02,uI-2530-Gapk,"Ball sit feel land song policy go."
109,too,2210128026,75ba50cdd0229f6c1839c41781637120b4f2723db5a13b7b7b4e5a3aab77c7a7,"2007-11-21 01:36:41",1,41.08,Qv-0380-CrCB,"Quite age matter book interesting watch."
110,record,5125027806,e3a7a74bddbca52e74958c61ccdf6d7b9a437b953787743ebe4951ed993c7bf1,"1981-04-19 09:32:02",1,41.06,Tn-5034-Zjsz,"Involve no chair brother exist."
111,for,7775408912,f93b6f92ae280fc702c5c6b0ce5099914690dcd1981475658fcd59fd8e794c71,"1993-02-13 22:38:12",0,13.08,Dx-4270-wfNo,"Medical seat require back specific."
112,type,1718873812,f7596ba06e5c425173d85179c9cad2535cd01ab9d7843c432696a0d8842da56b,"1978-09-28 19:04:34",1,91.04,HX-9158-UIwp,"Down success wrong baby watch report low the."
113,throughout,8893064854,94ba00196897176a6f4edaae50fd72c2a87841c2ff2b0447be68ff109640a42f,"2008-08-11 01:09:15",1,26.05,Zb-2249-ebEe,"Practice this wrong significant national mention we."
114,eat,3652021057,974a614b255e786c6a870115af40708c8eed69f9addaf7e795e54b7822159c11,"1970-06-21 05:05:01",1,81.03,jc-2584-rtQu,"Serve outside black seat officer professor us."
115,enter,5960640800,2ad8237592fb9842d14dbeb59805defd72b5b631f8c2bafd13c73bc7d08d8ac0,"2000-01-17 22:16:33",0,12.02,DB-7553-hkUZ,"Subject lot some despite letter interest level human."
116,center,9092036635,0c9f09bb45c1a71700bfe5e0d45ad693754c0125243bcd5dd563b720e6858330,"1987-10-17 18:53:36",1,20.08,FR-1324-UYVa,"Great test which at significant he."
117,bank,8767607810,1dc7da50adb97bb9828c5c3d8577dc0771ba819b577a89673aadef788df1f142,"1973-03-24 01:26:25",0,56.08,mK-2893-tfDc,"Effort down big body cover data."
118,beyond,7029217933,d375005a6996987d19d4b3675a7a42e1b41892b225a525df33cbb953c4a77c48,"1981-01-12 02:22:28",1,62.02,yx-4076-LGqb,"Government spring its movie religious."
119,change,2480809939,1d532e6972f5da86e09780a5d35536a5822d99fd23ab53feb5cbc7e4c44679a5,"1980-02-18 23:07:42",0,23.08,jW-5832-ySPW,"Late take receive win."
120,western,6555006763,e5d28e17bf878b7a1c7811b2817e1def69475517022238fd2abe2050ec997470,"1993-08-29 08:32:33",0,68.04,UP-3107-yqVI,"Person take high marriage play."
121,move,5640873968,64d69d3e7c4924fb03694fe7a83e97fc9397fcfbed1df8d0f74a14303db24cc0,"2015-06-25 17:43:44",1,98.02,gA-8056-HnXS,"Opportunity listen able threat station."
122,consider,1103536142,20fcd9c041d4de0b6f0cd24ebb89b4e46f38d226febec2ca6a2edbe23b7fdcdc,"2001-08-02 04:16:16",0,85.07,jA-0164-SUmL,"Friend executive rather write increase."
123,drug,8982119641,b85e0c17f523339d877ffae7f4c2854b999246b661312ae19ddceafcfa62b88a,"2002-03-30 07:12:09",1,94.06,uK-5199-UwRF,"Among participant cell."
124,section,8693126933,02597363953156d8bd1f5377a7263333dec6af0b2bd6a012da5b3f24160d06bd,"1972-10-03 19:26:28",1,29.03,yB-3249-RwiK,"Bag again old show."
125,upon,2707111430,237d17c48956c7c27f75f00b7cf77631fa24530b74200124ace4f45f8c77e03e,"2011-01-03 23:24:23",0,32.09,kC-4849-DHvN,"Responsibility join weight open increase positive."
126,data,7843448064,88fa7c95e74df1cf3c1afeb4282f49d119e136a06ab08d9eb83b5e2ac462194a,"1978-07-12 06:10:25",1,43.03,Za-4026-ZMjK,"Expect detail operation while participant sign unit."
127,full,6437413779,3e6dc60da8c3f2b03d517f65aa3e5cddcae959a0656efe224f3f53ba22d77351,"2008-01-13 17:06:39",0,96.07,am-6381-ycuI,"Data local discussion value today drive."
128,born,6900819362,c3871d4eb08a2ba5cfa757d19c1a9b4e6310797653666dfd239059a38c9ee8b1,"1971-05-12 05:28:22",1,34.03,fF-3331-tvyt,"Service upon stage available."
129,early,8181848256,8ff0e42233161f26a6599be0cc72009e42665d5f0b857d6235f675e86624b764,"2004-05-07 01:57:05",0,56.04,WC-0767-xGSe,"Individual rate network least career."
130,direction,9948516396,0cc4f53b22aaded1d188f813c3af219498dce16479425afe0941068e7e9212e9,"1974-04-25 00:15:57",0,25.07,Zm-9126-zwHk,"International air just beat mind figure."
131,bar,8833156679,e46364734391b732af7886af6df5b3d0dcc9a4851e4c91678841bd7e80e14b75,"2013-04-26 22:56:49",0,50.09,yr-2814-Djey,"Several likely one best his measure center."
132,contain,5350586015,5f9e863fe0f1f8a024ecf4c0c18513e68c3a76f4477a55b64b0faf55f5af2756,"1978-05-23 19:18:01",1,40.02,Eb-4678-bUEP,"Star measure body particularly art."
133,TV,3800547327,89655d756584d8a9c779f8fad94ab7f18f25293c39b87cd905a45a1f650761ff,"1976-02-23 20:32:17",1,16.07,no-8270-lRHH,"Yard along night significant provide."
134,bank,6090997542,7f27631c9f5351a7f39a4c5db6ec15ce787b9af13d770082e34cdfc98a0f3106,"2001-01-16 12:39:46",1,34.01,pB-4400-BfmX,"Perform foreign director yourself do culture."
135,data,7568281353,cd4da0dd5d9902bada390d4c307ab037b62e9cf16c4e11a6d031aeead9a82c52,"1976-02-11 02:54:01",1,64.09,yK-1895-Mwlh,"You carry blood."
136,easy,7954188993,e4d533f4b386651a0ccad2ff41f9028da74eb8fd868ccdc809178ec2d260e023,"1996-10-04 04:44:08",0,59.06,WC-2278-QFXU,"Represent begin why personal."
137,yeah,9398773906,9aea339d1c4e8a0f22e9a6b04353bad835359d5a2e2191683f2af92346e84363,"1982-09-18 10:40:53",0,58.05,yw-0254-HYok,"New trouble season record foot guess."
138,girl,1704736552,ab9f543129fb84cf6193bf867b01f3b84b404a3ac98aa4c03d30242a009653ab,"1976-06-11 01:25:24",0,70.05,ny-3729-ncZw,"Us industry low improve."
139,decide,2804399896,5a051c303ee8005c62890a50e667e275d98c2761d024e843144b862d82ea79e6,"2011-01-06 22:23:22",1,96.01,qK-7001-vvqA,"Party another professional win."
140,shoulder,7189894027,897dbdb11a89668426d71674b580a4dc12ee125281b784923a0e8df2395950cb,"2017-06-18 21:35:42",0,63.09,Bi-6839-MJgK,"Explain power paper family."
141,this,7196666408,eec3fc2dcec5fed9da56cf5c9e1ad4682be239728f30992c7d133873f3f3befd,"1986-06-16 07:44:42",1,48.08,XI-4981-WVnq,"Debate pretty serious across assume risk including."
142,moment,7146940324,fa61413cabc3b06e854e0a3a7044b03da5797f58cf493c0385f1132dd24aa209,"1996-02-17 23:48:38",1,40.06,XY-8723-vWdu,"Foot unit at cover live medical various."
143,any,1294931497,0a4fde5dd992e1fe9f9b9060aed67b9a72d6e26f77f4344879f012cbdbd37146,"1996-07-23 13:42:55",0,80.06,Le-3572-pOhQ,"Join three American four beyond box."
144,knowledge,4703657332,66b2a37a65f3e4e8102af36bb3569ecfa237282721e598cf1aefff760adca4b7,"1975-08-04 06:12:46",1,61.09,Et-1653-zAUM,"Another send approach leg method government meeting natural."
145,concern,4139802076,d27b99e4cfe05097696252bcfb886bab24e338b84c6c1efe9d377fdc8fed40d9,"2002-11-21 13:39:21",1,76.02,TT-3290-TwTu,"Pass federal sometimes word serve yard."
146,behind,3996391078,6e01616fd561365a107b35fb08db0b1f17b9bd7624a5d31ff7fca73ae3272abf,"1983-12-18 20:03:43",0,56.07,or-9354-OLYY,"Worker piece us high effort before item."
147,amount,3950012016,e4ede58c6a924015f4600f6de615d1959c3b8277fe27421a86504d0184a67b84,"1981-09-22 06:48:42",1,30.07,Wl-8480-RDEU,"Story general fear important coach truth charge education."
148,believe,6196992002,110b97c2cfaba807fac951906bd655dac33e9d10116ab9c7b3d4def8f8046e6a,"1977-04-14 17:17:18",0,15.06,UU-8924-qfFT,"Right rock cover him cover."
149,compare,8499962745,9160875e97f42a93676cb9347e6cc72b511be36c4dd58f0f8a32256c7c09a68f,"1976-12-01 02:22:46",1,74.03,Mx-6765-Ryrl,"Government body appear talk hit."
150,want,5176344666,c976f6e071e13a905fd4a45e61b17ad8a09a7091ab978d8b62eba14e08ddec04,"2017-12-31 22:46:11",0,25.06,jX-5315-bFMc,"Tv current put quickly."
151,large,6500911286,ecb40884d943392d7bcf898255162855e53c0a7bb3c0a3cc73c011d25f0d47c3,"2012-05-27 00:35:20",1,44.05,lN-4643-Gfkg,"Truth couple many."
152,base,1941418295,9f69ee78605e3f65e6978aa85218da3f8580478bebd8d005e159635ad23010a6,"2014-04-28 14:18:09",1,53.02,zr-0976-RvDu,"Technology weight industry person clearly."
153,sing,4358860316,16cda5ef867b9d3975fcdf4514001181632e445f226596a2e8053149f22d1283,"2013-12-09 19:23:00",0,25.09,va-9752-IoYP,"Drive certainly teach talk very."
154,painting,5358244721,02ec9769078fe1bce7fd819d9aa69e182a176ecb77cd7e4e742885ce0184fdfc,"2016-11-04 18:56:26",0,28.02,ZZ-3650-qHlN,"Bed wait bank."
155,window,6523099918,5f009938d924b6be6ef41f250f6492a8be22d476f30b61953288df09168ca941,"1976-06-26 07:49:38",1,48.09,ik-4799-VHei,"Bring student pick."
156,yet,7857730464,bd727a7c5015fb1372b3dd4646fec456c57068b1667c745c9a6a49c7bf74182b,"1972-05-18 16:42:05",0,38.01,Bw-4804-tJra,"Toward really remember party particular agent."
157,list,7022872426,f199c5ed5e83fca3a26686c7e7614906689b7b06223889f1d29b1686a0f69d1b,"2008-01-04 10:52:47",0,29.05,Xo-6024-vxBs,"Door consumer former."
158,conference,2980364975,fb9900b9c3dcb710126d1f7b2fdad7aa25c0001d9c86d233a149eb0a17aa1eb6,"2020-02-22 16:55:39",1,38.09,Gz-5639-wSjJ,"Walk bag newspaper resource."
159,realize,4880460777,77110dad20e170103cd2e795ecffed4bfabd2091df0cd1032ff118f89e8f1a72,"1975-11-04 23:05:18",0,80.03,qP-2616-TIBs,"There pressure hundred item maintain attack."
160,standard,9794713256,ea99da723e416838012e6299fae8e6b7ca9170886386fa2557fa3e0fee31c2aa,"2019-06-25 14:42:49",0,78.01,CM-5727-UrpV,"Ability factor cup."
161,compare,4284607470,14ec3702f46c6c3a080825920e5ec5ca739b533f29370be706aa08d0c213a9cf,"1994-04-04 05:25:42",1,71.08,do-1180-luFr,"Fall media investment hand make machine else."
162,crime,5483961913,ca9128196253266b54d5386d0ba7c236d61c6e58a01c5693396ee1ac4f5f812c,"1971-08-01 08:35:22",1,71.07,uv-9152-opAM,"Military military mean success to maybe most."
163,while,6582564437,9e937f6e392e386d82c4fe56944ddf3384196d2f97512e78d61e6d4c7d7355e2,"2014-06-25 00:11:33",1,56.03,px-4082-PJXx,"Eight center stand company."
164,science,6695640846,cb7f39a9719fb0f498a84efc219bc65d9b4403441e708aabcc6daec02efb7e03,"1978-09-29 06:16:34",0,39.01,tS-2981-kiEB,"Change positive southern career president occur stock mouth."
165,worry,2007652769,c6468b0da2028ff8ffbba0862986540cfcd712cd280e57b3269aadada9215153,"2014-02-23 04:17:00",1,82.06,nU-6638-qaXC,"Design item agreement doctor imagine training quickly."
166,certain,3038520062,00e7ba22e54f3f401a7e01820958da2293eba8effbfac9bf0d9d4ae69b97dc69,"2001-01-20 09:45:33",0,37.06,Hr-8404-thqZ,"Item task wrong he give."
167,entire,8336168276,617f2a969c5577a3bab26462d38a60cd70438f43783d05d03f43f049f140c38a,"1989-01-24 23:25:19",0,40.07,Yk-6232-dCZe,"Tonight already however wall look them like."
168,up,1566472277,6c8de2bb51fe1adfc7a970b47392c52be192f8decb5192f40a0b9edaf22f725b,"2014-11-24 09:28:56",1,46.06,ru-6569-jsRV,"Response future in half later skill."
169,when,6917590996,92e71ce74dd9b0e2c0bdf085581fad9a2c4b9b45606158eecbbf784a9107bf3d,"1984-05-29 14:51:44",0,96.04,yL-2565-Hnxc,"Learn live enter door your both together rock."
170,thank,2551680477,be5cbc887ab7c89cd80cd67730edc5c2610ade032fa33ab149fcf1a19d8c6c05,"1986-05-09 19:12:36",0,29.04,TQ-6966-vOXo,"Hand base should word difficult along pick."
171,staff,6750867915,e976df17500d151464b4594a25f9f8ac0fd268a33a16c049f4dd516149c39599,"1979-07-18 08:43:22",1,18.05,Oh-8935-rsnu,"Central case long individual space big."
172,appear,5827782431,8dd2916fef0b439e5f4ea62339cb99c5f078a04457b89fc221c81ddc6160d030,"2012-05-28 05:12:55",1,65.04,OG-2924-TSnN,"Discuss many ahead treat yard walk game."
173,oil,5156555403,f963af66c7eedc3ec26ab69d765a8d3123ff05954ad3835a4028cd628367bb1b,"1974-01-05 03:39:32",1,14.03,Pc-3788-meSi,"Own mother join back."
174,beat,9759847547,026f8a1b92523b617ec6dad4e573340a70feaeaaeb2c284bc44077c9269acf72,"2021-11-13 11:58:33",1,45.01,xO-0692-KQXE,"Difficult game popular."
175,building,8834410086,21d9719f1bac37e1e80b5591e0fbab9a677bcc224bbced1fffbdfeafac2057a1,"2018-11-02 22:44:47",0,81.04,vu-6906-cWoD,"Affect form major fall friend reduce its person."
176,test,4728775397,652cb6468d23e6061ff42e035fc5d2fa7e589ea660f9cd2346c6064add815b3d,"2003-03-09 03:54:28",0,15.03,qx-3713-FGvH,"Process list wonder."
177,training,5156058716,c59de8fb1ef4cd908963c6f9358540c937aedd054d3abce206c505770bdd6856,"2010-09-14 22:41:47",1,21.08,zf-8446-zfvZ,"Present then scientist single."
178,lose,4833080558,74bc417f77f6b7e3927dbe17fddd0437eb39913c3878334e08799ba9fb862e19,"1979-06-11 04:05:17",1,25.09,yJ-1845-SAvb,"Boy federal along with soldier wall."
179,material,8300485540,cc3b99a53d2b47fae6a2f8d7eaf68483b288ce9f5bb1d1ca680a00ea0cb515b7,"2010-09-26 06:40:46",0,64.01,gN-9012-dEqA,"Service machine rock."
180,wrong,1998455664,e133f2d9a4a86fad793ae3c779387a9155c989eed41b14780083d702b506a8e8,"1971-01-22 06:12:56",0,24.09,UW-7873-QYcY,"White training season according page help whatever."
181,low,3588698591,dc1f5e3e595d0dd10cf2c4072303d3308801eedff3079aea12e753fa5ebcf9b7,"1982-09-16 09:34:52",1,29.09,SY-8045-GApJ,"Customer argue draw half human however."
182,important,6500472641,607c37793d302542b463d15b3d79c3593b43dcd29e37c1e0a176b2f88b99ef5d,"2012-08-11 05:04:38",0,90.02,Kz-9029-jdJX,"Record up how certainly space."
183,none,8513751099,f66a9e4a56947e0211427b1c13a1cbc7604b8ba85fe0b68e850ad53120581815,"1999-03-04 23:46:53",0,47.06,SI-0763-QORD,"Brother partner seek with guess."
184,coach,2557951607,88c9d20025337273568395cc170adbad6ef506f626812f3f3a4f1a26e675aa0e,"1979-02-08 17:37:54",1,49.08,Bz-6303-jhGx,"Poor beyond single require who chance should."
185,throughout,5228891194,ea812ca0582246535e2281afcd08ae812478d7e2a85ea81dc5d80dac0a0390d6,"1984-07-24 00:16:42",1,81.04,Qo-7708-elUM,"Edge front read."
186,show,5930212426,16a1f9218b3d4a7341f2c6f76b649720fd89054d7a63b0f598ae40782a1b08d8,"1987-05-05 13:27:01",1,35.08,UR-7748-uwhb,"Little magazine yard financial enjoy."
187,later,4263125776,9df8200ac55a365a3392218de7fad1cc49866355de0cdc4cd3a972ea241550a3,"1986-07-12 15:08:57",0,99.07,FD-8998-aUkn,"Deal nothing society teach know his."
188,say,2655289982,14bff4aaeaec11cb190ec5c168e585ed322196a9b10dd55cea97b2ba031b202e,"1980-04-15 13:46:12",0,45.01,ny-6451-WYac,"Bad condition significant."
189,fill,4053112835,fb5e04b4e42cdd5902ac4af429b90c00d413c0fe9fced8099fdd92c1e628fff3,"2003-02-16 13:06:15",0,15.05,QG-0209-rkbj,"Generation community range worker service control know pressure."
190,source,1401303567,eb5693377738fa9ffdbbfb0f98a67f205188f5d29f08a0a957b6097bc9a4ad4e,"1977-05-22 23:31:07",0,87.01,Gq-3753-pHPN,"Also TV green."
191,know,8186154428,19e3f96b35944bf43dc8c66fa5e5aaab8373d7717d12df10aaa3f5f7eae441d4,"2017-04-10 14:52:17",1,32.09,pC-8897-BMFJ,"Want coach democratic laugh where several chair."
192,maintain,7407087647,d84e463c3ae929992cde6383870431f50a971565ac50eb34e98585904a29d11f,"2020-11-24 02:28:44",0,14.09,sP-0560-OzLO,"Meeting skill or page claim available."
193,check,8967577202,2d0afcb06fdc920b2501b17b8f78460d3ddde7ddb3d9b2b00ea1101f93ba99a1,"1997-02-14 17:06:49",1,52.08,rd-1008-RpwT,"Debate I suffer brother note."
194,return,9850182552,0ac5f0671a2530f2937dfc8256f3db7f2ed1553540d1088d64bd0cc59192a22e,"1983-04-26 14:45:11",1,53.06,KJ-6901-CHpA,"Provide type address put."
195,high,9269401959,a2003fa9c76360aa47e72fe7dd4cba09d714e49f76b7bf4cf8507827f5effe52,"1976-04-11 03:40:08",1,13.07,ov-8580-axQI,"Argue finally address join low recently."
196,carry,2872219625,4c631e5dc5c997e15562abbbe9f1f2cb6b790171d5fe6883618f8a8404ae14d5,"2013-01-04 22:40:28",0,47.05,bf-7236-eVUl,"Hair guy imagine method."
197,everybody,1860533477,eccc0421b90f701b36d0fda3a2a2567d84963e9081a1814f31bcc073d7fac52f,"2020-04-25 17:10:40",1,14.05,GW-1354-pibS,"Out specific reveal."
198,company,7486672404,c78607f9b716cd545aabe7282e82ae1c6dfcf92350c805160bff595a01c47c59,"1981-07-10 12:17:40",1,88.09,OW-7163-feVN,"Answer company amount magazine green protect approach."
199,though,5377941245,26a5764cfad80360e3f5e35d3f76734657ceafde7752c815115f8febdc63e89c,"2014-01-15 23:33:56",0,91.03,vh-9421-NxRa,"Work present phone matter radio probably."
200,campaign,5541375404,19ffafa88b173c39b09140a92391c2c122148d58e5d9b53d8f9ff72d667f4fe1,"1983-03-18 19:47:10",0,65.02,dl-0274-soVD,"Likely experience ever expect treatment."
