id,random_string,random_number,random_date,random_boolean
1,mouth,876,2022-01-08,0
2,understand,971,2021-07-07,0
3,my,848,2019-05-21,0
4,thought,244,2019-08-06,0
5,fly,868,2020-03-03,0
6,that,371,2021-04-22,0
7,series,179,2024-01-10,0
8,candidate,317,2022-07-04,0
9,enter,2,2023-04-28,1
10,staff,977,2022-04-03,1
11,idea,303,2019-09-22,0
12,face,755,2021-11-05,0
13,public,363,2023-04-28,1
14,within,376,2022-02-18,0
15,they,730,2019-03-26,0
16,much,922,2021-12-03,0
17,clearly,930,2019-07-30,0
18,enough,63,2019-11-22,1
19,commercial,237,2022-09-28,0
20,hot,582,2022-10-17,0
21,all,635,2024-01-09,1
22,ground,379,2019-10-28,1
23,ability,354,2023-05-24,1
24,show,833,2022-05-22,0
25,operation,435,2021-02-12,1
26,summer,715,2024-01-21,0
27,gas,881,2022-05-09,0
28,hope,827,2021-06-16,1
29,likely,561,2022-03-18,1
30,conference,355,2021-06-19,0
31,best,870,2023-01-17,0
32,book,244,2023-03-11,1
33,many,15,2023-06-30,1
34,image,766,2020-10-14,1
35,phone,249,2020-11-06,0
36,someone,923,2024-02-19,1
37,time,233,2019-12-14,0
38,item,748,2020-06-06,1
39,pressure,915,2022-09-14,0
40,pass,947,2021-11-11,1
41,around,117,2021-10-13,0
42,parent,461,2019-11-10,0
43,yeah,899,2020-10-18,0
44,teacher,623,2024-01-30,0
45,again,138,2022-04-19,0
46,use,23,2022-10-27,0
47,however,27,2019-06-23,1
48,voice,570,2021-03-06,1
49,marriage,882,2020-12-18,0
50,resource,927,2019-07-23,1
51,west,220,2021-09-30,0
52,add,182,2022-07-21,0
53,officer,951,2019-04-15,0
54,my,963,2021-07-14,1
55,current,741,2022-12-04,1
56,eight,409,2022-07-27,1
57,still,466,2020-05-19,1
58,become,989,2020-09-30,1
59,wall,928,2022-01-03,0
60,body,695,2019-05-18,0
61,do,418,2019-05-29,0
62,realize,494,2020-02-03,0
63,people,534,2020-12-19,1
64,none,302,2021-12-25,0
65,owner,977,2020-10-02,1
66,service,235,2023-01-05,0
67,able,273,2023-08-17,1
68,else,242,2021-12-27,1
69,face,173,2020-10-28,0
70,likely,105,2021-07-14,0
71,five,643,2020-01-03,1
72,important,188,2022-06-18,0
73,ball,469,2021-10-22,1
74,such,144,2021-03-29,1
75,four,302,2021-09-23,1
76,always,934,2023-06-22,1
77,send,421,2022-07-08,0
78,decade,914,2020-01-17,0
79,hope,816,2019-05-02,1
80,like,255,2022-01-29,1
81,population,445,2020-03-13,0
82,bag,68,2022-12-12,0
83,part,812,2021-05-18,1
84,their,342,2020-06-11,0
85,yourself,746,2021-02-01,0
86,race,112,2019-12-30,0
87,magazine,624,2022-12-29,1
88,relationship,839,2019-04-25,0
89,very,180,2023-02-19,1
90,anything,468,2022-07-31,1
91,beyond,934,2022-11-11,1
92,such,296,2019-12-18,1
93,employee,816,2021-09-16,0
94,successful,952,2022-10-16,1
95,the,891,2024-01-22,0
96,road,561,2021-07-31,1
97,second,445,2024-03-07,0
98,require,107,2019-08-12,0
99,interesting,484,2021-11-03,0
100,once,509,2020-05-21,1
101,student,269,2022-08-10,0
102,memory,881,2020-11-14,0
103,baby,298,2023-07-05,0
104,television,132,2022-01-08,0
105,investment,824,2022-12-03,0
106,dog,181,2019-07-13,1
107,majority,138,2022-06-02,1
108,head,81,2019-11-10,0
109,at,996,2021-08-15,0
110,forward,595,2023-10-29,1
111,kid,715,2021-06-23,1
112,bit,539,2019-07-15,1
113,explain,455,2023-01-07,1
114,with,494,2019-04-10,0
115,challenge,581,2022-06-28,0
116,available,502,2019-03-19,1
117,tough,526,2023-07-15,1
118,more,845,2020-07-31,1
119,rest,578,2020-08-25,1
120,social,810,2022-05-22,0
121,although,136,2023-11-13,1
122,with,602,2021-01-03,1
123,difference,31,2022-07-02,1
124,degree,260,2020-05-03,0
125,technology,617,2023-09-26,1
126,call,173,2024-01-11,1
127,attack,952,2023-07-29,0
128,nature,796,2019-08-28,0
129,later,310,2022-11-17,0
130,own,526,2020-11-14,1
131,himself,879,2021-04-25,0
132,full,764,2023-11-21,1
133,for,541,2019-09-08,1
134,address,97,2023-09-29,1
135,rich,226,2023-02-07,0
136,she,287,2020-10-01,1
137,age,567,2019-04-25,0
138,they,326,2020-03-03,0
139,small,957,2021-02-11,0
140,operation,431,2023-03-21,1
141,person,924,2024-01-22,1
142,consider,746,2023-05-20,0
143,serve,15,2023-01-09,1
144,music,543,2019-12-09,1
145,other,604,2021-10-03,0
146,it,674,2023-04-25,0
147,pick,796,2020-02-27,1
148,gun,316,2022-12-27,0
149,country,566,2022-08-18,1
150,against,394,2022-12-29,0
151,begin,458,2020-07-23,1
152,majority,515,2021-04-28,0
153,yard,671,2019-12-20,0
154,film,75,2023-03-23,0
155,phone,121,2021-09-08,1
156,thought,592,2022-04-18,1
157,yourself,620,2022-02-28,0
158,able,683,2019-11-02,1
159,tree,418,2022-12-23,0
160,participant,551,2023-11-27,0
161,forward,291,2020-10-07,1
162,do,529,2019-06-26,1
163,blood,597,2020-10-30,1
164,miss,22,2023-04-27,0
165,owner,293,2019-05-05,1
166,enjoy,334,2023-08-18,1
167,right,345,2020-08-28,1
168,if,13,2019-06-14,0
169,up,27,2021-07-05,1
170,buy,874,2019-06-02,0
171,central,839,2023-09-11,0
172,forget,850,2019-12-29,1
173,physical,111,2019-09-05,1
174,determine,728,2020-07-03,1
175,dark,114,2019-09-23,0
176,exactly,488,2021-10-23,0
177,couple,45,2022-03-20,1
178,former,646,2022-05-06,0
179,small,62,2019-07-13,1
180,that,828,2023-01-19,1
181,maintain,458,2020-02-20,1
182,evidence,554,2019-04-16,0
183,according,456,2020-04-17,1
184,past,476,2019-06-22,1
185,recent,239,2023-05-17,1
186,but,900,2023-06-20,0
187,big,694,2023-09-17,1
188,year,274,2022-07-25,1
189,administration,729,2021-05-12,1
190,down,701,2019-03-25,0
191,space,710,2023-02-26,0
192,item,557,2021-08-22,0
193,mother,122,2019-05-20,1
194,measure,615,2023-04-26,1
195,spring,209,2020-07-21,0
196,pick,911,2019-11-18,0
197,trade,348,2021-04-16,1
198,leg,929,2022-04-29,0
199,miss,43,2021-01-25,1
200,process,454,2022-02-24,1
